Student_ID,Student_Name,Course,Attendance,Assignment,Quiz,Internal,Exam,Final_Marks
S001,Arjun Sharma,Machine Learning,79,80,93,63,50,64.2
S001,Arjun Sharma,DBMS,73,62,53,82,57,63.4
S001,Arjun Sharma,Cloud Computing,94,83,81,44,78,70.7
S001,Arjun Sharma,Data Structures,90,50,74,86,55,64.85
S001,Arjun Sharma,Python,60,69,64,57,80,70.2
S001,Arjun Sharma,Data Science,94,75,54,83,60,67.1
S002,Meera Singh,Machine Learning,53,54,92,42,91,73.35
S002,Meera Singh,DBMS,70,65,57,44,53,53.15
S002,Meera Singh,Cloud Computing,86,85,60,53,81,71.45
S002,Meera Singh,Data Structures,81,65,81,69,49,61.2
S002,Meera Singh,Python,66,48,55,87,75,70.95
S002,Meera Singh,Data Science,84,56,87,77,67,70.85
S003,Karan Verma,Machine Learning,87,65,63,54,48,54.3
S003,Karan Verma,DBMS,82,71,45,88,43,58.75
S003,Karan Verma,Cloud Computing,57,49,80,50,90,72.35
S003,Karan Verma,Data Structures,93,67,78,44,64,61.55
S003,Karan Verma,Python,74,78,69,73,56,65.5
S003,Karan Verma,Data Science,85,95,40,83,86,79.7
S004,Arjun Mehta,Machine Learning,57,83,74,88,57,71.2
S004,Arjun Mehta,DBMS,91,61,47,58,67,60.85
S004,Arjun Mehta,Cloud Computing,60,69,40,86,86,76.55
S004,Arjun Mehta,Data Structures,66,72,88,51,72,69.15
S004,Arjun Mehta,Python,56,95,80,59,93,82.85
S004,Arjun Mehta,Data Science,90,72,78,52,49,57.55
S005,Ananya Bisht,Machine Learning,73,88,50,74,89,79.25
S005,Ananya Bisht,DBMS,83,40,78,60,71,64.65
S005,Ananya Bisht,Cloud Computing,51,47,63,93,91,80.7
S005,Ananya Bisht,Data Structures,69,55,43,55,76,62.65
S005,Ananya Bisht,Python,55,45,86,71,92,78.8
S005,Ananya Bisht,Data Science,54,88,74,89,48,68.15
S006,Rohan Sharma,Machine Learning,58,82,70,75,50,64.05
S006,Rohan Sharma,DBMS,66,73,95,78,67,74.85
S006,Rohan Sharma,Cloud Computing,63,74,88,86,84,83.6
S006,Rohan Sharma,Data Structures,62,85,59,65,82,74.75
S006,Rohan Sharma,Python,91,63,68,73,68,68.5
S006,Rohan Sharma,Data Science,57,55,54,44,61,54.8
S007,Aarav Joshi,Machine Learning,51,77,75,54,77,70.95
S007,Aarav Joshi,DBMS,64,40,44,85,80,69.85
S007,Aarav Joshi,Cloud Computing,53,54,44,42,95,67.95
S007,Aarav Joshi,Data Structures,71,44,72,55,57,56.8
S007,Aarav Joshi,Python,92,71,53,74,48,58.7
S007,Aarav Joshi,Data Science,96,76,76,70,55,65.05
S008,Kavya Singh,Machine Learning,80,91,66,52,46,57.25
S008,Kavya Singh,DBMS,56,82,67,62,67,68.0
S008,Kavya Singh,Cloud Computing,76,69,95,86,43,65.45
S008,Kavya Singh,Data Structures,93,81,81,46,43,55.15
S008,Kavya Singh,Python,75,86,61,91,95,87.55
S008,Kavya Singh,Data Science,56,55,52,52,74,62.35
S009,Tanvi Bisht,Machine Learning,78,48,67,51,57,55.65
S009,Tanvi Bisht,DBMS,79,55,95,44,68,64.1
S009,Tanvi Bisht,Cloud Computing,85,46,43,81,74,66.9
S009,Tanvi Bisht,Data Structures,50,45,88,94,55,68.2
S009,Tanvi Bisht,Python,60,66,71,70,53,61.9
S009,Tanvi Bisht,Data Science,75,43,50,64,40,47.95
S010,Aarav Mehta,Machine Learning,74,56,90,90,69,75.45
S010,Aarav Mehta,DBMS,68,67,84,86,90,84.65
S010,Aarav Mehta,Cloud Computing,85,82,85,71,49,64.85
S010,Aarav Mehta,Data Structures,62,58,53,43,77,62.05
S010,Aarav Mehta,Python,97,74,43,87,60,66.3
S010,Aarav Mehta,Data Science,53,43,77,70,72,67.9
S011,Kavya Mehta,Machine Learning,83,50,43,72,45,52.2
S011,Kavya Mehta,DBMS,61,44,78,44,83,66.65
S011,Kavya Mehta,Cloud Computing,65,65,47,76,55,60.55
S011,Kavya Mehta,Data Structures,87,78,42,79,45,58.0
S011,Kavya Mehta,Python,76,82,77,76,73,75.7
S011,Kavya Mehta,Data Science,70,56,53,82,85,75.1
S012,Rohan Singh,Machine Learning,70,55,56,65,48,54.5
S012,Rohan Singh,DBMS,92,81,59,69,60,65.25
S012,Rohan Singh,Cloud Computing,98,44,40,69,79,65.4
S012,Rohan Singh,Data Structures,86,46,44,74,53,55.85
S012,Rohan Singh,Python,82,56,48,62,44,50.9
S012,Rohan Singh,Data Science,65,63,58,50,68,61.25
S013,Simran Bisht,Machine Learning,84,85,59,79,91,82.3
S013,Simran Bisht,DBMS,91,73,40,82,92,78.85
S013,Simran Bisht,Cloud Computing,85,59,82,46,48,54.25
S013,Simran Bisht,Data Structures,66,47,46,87,75,69.45
S013,Simran Bisht,Python,59,57,58,78,53,60.6
S013,Simran Bisht,Data Science,95,61,53,83,80,73.85
S014,Meera Sharma,Machine Learning,66,72,71,56,94,77.75
S014,Meera Sharma,DBMS,53,45,80,67,93,77.35
S014,Meera Sharma,Cloud Computing,67,42,40,61,89,67.6
S014,Meera Sharma,Data Structures,58,80,56,50,87,72.05
S014,Meera Sharma,Python,78,75,85,67,75,74.5
S014,Meera Sharma,Data Science,50,47,44,84,49,56.7
S015,Ishita Rawat,Machine Learning,84,42,93,63,77,70.65
S015,Ishita Rawat,DBMS,85,49,67,48,42,48.3
S015,Ishita Rawat,Cloud Computing,69,63,90,95,42,65.6
S015,Ishita Rawat,Data Structures,72,53,83,55,82,71.05
S015,Ishita Rawat,Python,56,62,89,75,95,84.15
S015,Ishita Rawat,Data Science,76,79,87,49,55,61.9
S016,Priya Gupta,Machine Learning,60,91,91,51,66,69.75
S016,Priya Gupta,DBMS,51,51,87,61,90,76.45
S016,Priya Gupta,Cloud Computing,76,91,82,95,87,88.85
S016,Priya Gupta,Data Structures,65,57,50,90,84,76.35
S016,Priya Gupta,Python,56,64,95,42,94,76.65
S016,Priya Gupta,Data Science,80,54,52,92,69,69.95
S017,Diya Singh,Machine Learning,72,59,92,90,95,87.9
S017,Diya Singh,DBMS,64,54,41,82,52,58.15
S017,Diya Singh,Cloud Computing,75,61,57,95,44,61.25
S017,Diya Singh,Data Structures,67,62,81,72,65,68.7
S017,Diya Singh,Python,93,93,74,61,41,58.75
S017,Diya Singh,Data Science,57,56,51,77,56,60.5
S018,Priya Joshi,Machine Learning,52,46,78,67,62,63.25
S018,Priya Joshi,DBMS,96,90,60,67,78,74.35
S018,Priya Joshi,Cloud Computing,82,47,64,76,52,59.05
S018,Priya Joshi,Data Structures,66,42,85,67,40,53.8
S018,Priya Joshi,Python,83,91,74,83,86,84.2
S018,Priya Joshi,Data Science,97,87,82,52,63,66.7
S019,Ananya Rawat,Machine Learning,77,44,82,61,79,69.7
S019,Ananya Rawat,DBMS,70,82,94,47,86,76.85
S019,Ananya Rawat,Cloud Computing,69,72,59,82,66,69.85
S019,Ananya Rawat,Data Structures,70,65,84,58,75,70.6
S019,Ananya Rawat,Python,58,52,66,82,64,67.0
S019,Ananya Rawat,Data Science,93,87,51,79,76,74.65
S020,Arjun Kumar,Machine Learning,69,65,75,93,40,62.25
S020,Arjun Kumar,DBMS,69,58,53,67,90,73.9
S020,Arjun Kumar,Cloud Computing,87,78,81,60,69,69.9
S020,Arjun Kumar,Data Structures,78,68,83,53,72,68.3
S020,Arjun Kumar,Python,80,90,90,87,50,71.25
S020,Arjun Kumar,Data Science,92,45,58,72,82,70.35
S021,Rahul Bisht,Machine Learning,90,79,61,45,92,73.65
S021,Rahul Bisht,DBMS,98,55,83,59,54,59.75
S021,Rahul Bisht,Cloud Computing,62,49,41,42,55,48.75
S021,Rahul Bisht,Data Structures,80,79,94,89,44,68.0
S021,Rahul Bisht,Python,79,66,80,76,52,64.3
S021,Rahul Bisht,Data Science,95,84,64,71,65,69.2
S022,Simran Mehta,Machine Learning,65,49,81,84,40,58.5
S022,Simran Mehta,DBMS,98,95,89,46,89,79.15
S022,Simran Mehta,Cloud Computing,77,54,51,91,84,76.3
S022,Simran Mehta,Data Structures,83,69,43,75,55,60.3
S022,Simran Mehta,Python,57,69,48,91,69,71.35
S022,Simran Mehta,Data Science,92,73,75,78,60,68.7
S023,Arjun Rawat,Machine Learning,98,68,79,92,86,83.75
S023,Arjun Rawat,DBMS,82,67,93,75,68,73.35
S023,Arjun Rawat,Cloud Computing,60,87,95,70,68,75.4
S023,Arjun Rawat,Data Structures,66,88,55,93,80,80.7
S023,Arjun Rawat,Python,67,89,89,73,71,76.9
S023,Arjun Rawat,Data Science,90,55,57,68,44,53.6
S024,Ananya Mehta,Machine Learning,95,58,55,57,61,58.65
S024,Ananya Mehta,DBMS,70,74,45,48,49,51.9
S024,Ananya Mehta,Cloud Computing,64,64,84,49,85,72.7
S024,Ananya Mehta,Data Structures,63,44,66,66,61,60.45
S024,Ananya Mehta,Python,84,69,66,43,53,54.85
S024,Ananya Mehta,Data Science,76,64,89,77,84,80.0
S025,Nikhil Bisht,Machine Learning,51,94,88,76,64,75.1
S025,Nikhil Bisht,DBMS,80,40,62,59,88,69.65
S025,Nikhil Bisht,Cloud Computing,74,94,93,66,74,77.85
S025,Nikhil Bisht,Data Structures,97,87,74,91,78,82.0
S025,Nikhil Bisht,Python,64,71,54,57,67,63.15
S025,Nikhil Bisht,Data Science,81,41,64,61,82,67.9
S026,Kavya Joshi,Machine Learning,93,91,65,86,50,67.4
S026,Kavya Joshi,DBMS,79,48,79,74,41,56.0
S026,Kavya Joshi,Cloud Computing,75,77,76,82,41,61.9
S026,Kavya Joshi,Data Structures,55,81,67,48,95,76.95
S026,Kavya Joshi,Python,79,51,43,56,64,56.9
S026,Kavya Joshi,Data Science,70,53,69,60,61,60.75
S027,Aditi Singh,Machine Learning,98,64,57,88,93,82.0
S027,Aditi Singh,DBMS,76,56,93,45,70,65.1
S027,Aditi Singh,Cloud Computing,51,87,74,43,62,62.8
S027,Aditi Singh,Data Structures,64,81,44,89,81,77.45
S027,Aditi Singh,Python,52,88,41,55,52,56.5
S027,Aditi Singh,Data Science,51,79,49,55,48,54.55
S028,Nikhil Joshi,Machine Learning,80,82,47,76,53,62.2
S028,Nikhil Joshi,DBMS,79,84,56,89,63,71.6
S028,Nikhil Joshi,Cloud Computing,60,78,78,87,85,83.4
S028,Nikhil Joshi,Data Structures,57,89,92,50,59,66.2
S028,Nikhil Joshi,Python,56,77,41,59,76,66.65
S028,Nikhil Joshi,Data Science,93,64,65,85,52,64.0
S029,Karan Joshi,Machine Learning,54,77,84,93,80,83.4
S029,Karan Joshi,DBMS,65,46,84,89,59,68.3
S029,Karan Joshi,Cloud Computing,93,78,91,47,90,77.6
S029,Karan Joshi,Data Structures,86,90,42,62,74,68.6
S029,Karan Joshi,Python,77,82,63,44,72,65.15
S029,Karan Joshi,Data Science,91,61,40,94,66,68.35
S030,Riya Gupta,Machine Learning,81,46,67,63,80,68.7
S030,Riya Gupta,DBMS,79,85,49,67,51,59.8
S030,Riya Gupta,Cloud Computing,96,73,81,57,79,72.9
S030,Riya Gupta,Data Structures,84,89,70,69,67,71.25
S030,Riya Gupta,Python,96,77,57,60,94,77.4
S030,Riya Gupta,Data Science,65,93,45,57,68,65.55
